question,algorithm,feature_set,train_set_size,test_set_size,test_set_ratio,perf_measure,performance,other_info,seed
1,DT,parsed,200,200,1:1,accuracy,0.62,,1337
1,DT,parsed,200,200,1:1,accuracy,0.61,,1338
1,DT,parsed,200,200,1:1,accuracy,0.595,,1339
1,DT,format_agnostic,200,200,1:1,accuracy,0.65,,1337
1,DT,format_agnostic,200,200,1:1,accuracy,0.63,,1338
1,DT,format_agnostic,200,200,1:1,accuracy,0.61,,1339
1,DT,combined,200,200,1:1,accuracy,0.7,,1337
1,DT,combined,200,200,1:1,accuracy,0.67,,1338
1,DT,combined,200,200,1:1,accuracy,0.61,,1339
1,RF,parsed,200,200,1:1,accuracy,0.605,,1337
1,RF,parsed,200,200,1:1,accuracy,0.635,,1338
1,RF,parsed,200,200,1:1,accuracy,0.665,,1339
1,RF,format_agnostic,200,200,1:1,accuracy,0.7,,1337
1,RF,format_agnostic,200,200,1:1,accuracy,0.75,,1338
1,RF,format_agnostic,200,200,1:1,accuracy,0.715,,1339
1,RF,combined,200,200,1:1,accuracy,0.75,,1337
1,RF,combined,200,200,1:1,accuracy,0.765,,1338
1,RF,combined,200,200,1:1,accuracy,0.72,,1339
1,LGBM,parsed,200,200,1:1,accuracy,0.71,,1337
1,LGBM,parsed,200,200,1:1,accuracy,0.645,,1338
1,LGBM,parsed,200,200,1:1,accuracy,0.67,,1339
1,LGBM,format_agnostic,200,200,1:1,accuracy,0.725,,1337
1,LGBM,format_agnostic,200,200,1:1,accuracy,0.74,,1338
1,LGBM,format_agnostic,200,200,1:1,accuracy,0.66,,1339
1,LGBM,combined,200,200,1:1,accuracy,0.74,,1337
1,LGBM,combined,200,200,1:1,accuracy,0.725,,1338
1,LGBM,combined,200,200,1:1,accuracy,0.725,,1339
1,SVM,parsed,200,200,1:1,accuracy,0.685,,1337
1,SVM,parsed,200,200,1:1,accuracy,0.605,,1338
1,SVM,parsed,200,200,1:1,accuracy,0.645,,1339
1,SVM,format_agnostic,200,200,1:1,accuracy,0.735,,1337
1,SVM,format_agnostic,200,200,1:1,accuracy,0.635,,1338
1,SVM,format_agnostic,200,200,1:1,accuracy,0.66,,1339
1,SVM,combined,200,200,1:1,accuracy,0.665,,1337
1,SVM,combined,200,200,1:1,accuracy,0.64,,1338
1,SVM,combined,200,200,1:1,accuracy,0.605,,1339
1,DT,parsed,400,400,1:1,accuracy,0.7175,,1337
1,DT,parsed,400,400,1:1,accuracy,0.7,,1338
1,DT,parsed,400,400,1:1,accuracy,0.665,,1339
1,DT,format_agnostic,400,400,1:1,accuracy,0.675,,1337
1,DT,format_agnostic,400,400,1:1,accuracy,0.6825,,1338
1,DT,format_agnostic,400,400,1:1,accuracy,0.6525,,1339
1,DT,combined,400,400,1:1,accuracy,0.6575,,1337
1,DT,combined,400,400,1:1,accuracy,0.7225,,1338
1,DT,combined,400,400,1:1,accuracy,0.5925,,1339
1,RF,parsed,400,400,1:1,accuracy,0.7125,,1337
1,RF,parsed,400,400,1:1,accuracy,0.7225,,1338
1,RF,parsed,400,400,1:1,accuracy,0.7425,,1339
1,RF,format_agnostic,400,400,1:1,accuracy,0.7325,,1337
1,RF,format_agnostic,400,400,1:1,accuracy,0.785,,1338
1,RF,format_agnostic,400,400,1:1,accuracy,0.73,,1339
1,RF,combined,400,400,1:1,accuracy,0.78,,1337
1,RF,combined,400,400,1:1,accuracy,0.805,,1338
1,RF,combined,400,400,1:1,accuracy,0.765,,1339
1,LGBM,parsed,400,400,1:1,accuracy,0.6975,,1337
1,LGBM,parsed,400,400,1:1,accuracy,0.7375,,1338
1,LGBM,parsed,400,400,1:1,accuracy,0.7525,,1339
1,LGBM,format_agnostic,400,400,1:1,accuracy,0.7475,,1337
1,LGBM,format_agnostic,400,400,1:1,accuracy,0.775,,1338
1,LGBM,format_agnostic,400,400,1:1,accuracy,0.7675,,1339
1,LGBM,combined,400,400,1:1,accuracy,0.7775,,1337
1,LGBM,combined,400,400,1:1,accuracy,0.8075,,1338
1,LGBM,combined,400,400,1:1,accuracy,0.7425,,1339
1,SVM,parsed,400,400,1:1,accuracy,0.6275,,1337
1,SVM,parsed,400,400,1:1,accuracy,0.68,,1338
1,SVM,parsed,400,400,1:1,accuracy,0.7125,,1339
1,SVM,format_agnostic,400,400,1:1,accuracy,0.7025,,1337
1,SVM,format_agnostic,400,400,1:1,accuracy,0.6675,,1338
1,SVM,format_agnostic,400,400,1:1,accuracy,0.6975,,1339
1,SVM,combined,400,400,1:1,accuracy,0.675,,1337
1,SVM,combined,400,400,1:1,accuracy,0.6775,,1338
1,SVM,combined,400,400,1:1,accuracy,0.67,,1339
1,DT,parsed,800,800,1:1,accuracy,0.655,,1337
1,DT,parsed,800,800,1:1,accuracy,0.72125,,1338
1,DT,parsed,800,800,1:1,accuracy,0.71,,1339
1,DT,format_agnostic,800,800,1:1,accuracy,0.68875,,1337
1,DT,format_agnostic,800,800,1:1,accuracy,0.71375,,1338
1,DT,format_agnostic,800,800,1:1,accuracy,0.66125,,1339
1,DT,combined,800,800,1:1,accuracy,0.66375,,1337
1,DT,combined,800,800,1:1,accuracy,0.7175,,1338
1,DT,combined,800,800,1:1,accuracy,0.7,,1339
1,RF,parsed,800,800,1:1,accuracy,0.7225,,1337
1,RF,parsed,800,800,1:1,accuracy,0.7325,,1338
1,RF,parsed,800,800,1:1,accuracy,0.77,,1339
1,RF,format_agnostic,800,800,1:1,accuracy,0.77125,,1337
1,RF,format_agnostic,800,800,1:1,accuracy,0.77625,,1338
1,RF,format_agnostic,800,800,1:1,accuracy,0.77375,,1339
1,RF,combined,800,800,1:1,accuracy,0.7825,,1337
1,RF,combined,800,800,1:1,accuracy,0.81,,1338
1,RF,combined,800,800,1:1,accuracy,0.79375,,1339
1,LGBM,parsed,800,800,1:1,accuracy,0.77875,,1337
1,LGBM,parsed,800,800,1:1,accuracy,0.76625,,1338
1,LGBM,parsed,800,800,1:1,accuracy,0.795,,1339
1,LGBM,format_agnostic,800,800,1:1,accuracy,0.785,,1337
1,LGBM,format_agnostic,800,800,1:1,accuracy,0.80125,,1338
1,LGBM,format_agnostic,800,800,1:1,accuracy,0.8075,,1339
1,LGBM,combined,800,800,1:1,accuracy,0.79875,,1337
1,LGBM,combined,800,800,1:1,accuracy,0.80375,,1338
1,LGBM,combined,800,800,1:1,accuracy,0.79875,,1339
1,SVM,parsed,800,800,1:1,accuracy,0.68125,,1337
1,SVM,parsed,800,800,1:1,accuracy,0.72125,,1338
1,SVM,parsed,800,800,1:1,accuracy,0.7325,,1339
1,SVM,format_agnostic,800,800,1:1,accuracy,0.72125,,1337
1,SVM,format_agnostic,800,800,1:1,accuracy,0.65,,1338
1,SVM,format_agnostic,800,800,1:1,accuracy,0.69,,1339
1,SVM,combined,800,800,1:1,accuracy,0.70875,,1337
1,SVM,combined,800,800,1:1,accuracy,0.6975,,1338
1,SVM,combined,800,800,1:1,accuracy,0.6725,,1339
1,DT,parsed,1600,1600,1:1,accuracy,0.715,,1337
1,DT,parsed,1600,1600,1:1,accuracy,0.743125,,1338
1,DT,parsed,1600,1600,1:1,accuracy,0.686875,,1339
1,DT,format_agnostic,1600,1600,1:1,accuracy,0.719375,,1337
1,DT,format_agnostic,1600,1600,1:1,accuracy,0.71,,1338
1,DT,format_agnostic,1600,1600,1:1,accuracy,0.725625,,1339
1,DT,combined,1600,1600,1:1,accuracy,0.72,,1337
1,DT,combined,1600,1600,1:1,accuracy,0.74375,,1338
1,DT,combined,1600,1600,1:1,accuracy,0.731875,,1339
1,RF,parsed,1600,1600,1:1,accuracy,0.76,,1337
1,RF,parsed,1600,1600,1:1,accuracy,0.75375,,1338
1,RF,parsed,1600,1600,1:1,accuracy,0.765,,1339
1,RF,format_agnostic,1600,1600,1:1,accuracy,0.786875,,1337
1,RF,format_agnostic,1600,1600,1:1,accuracy,0.80625,,1338
1,RF,format_agnostic,1600,1600,1:1,accuracy,0.794375,,1339
1,RF,combined,1600,1600,1:1,accuracy,0.81,,1337
1,RF,combined,1600,1600,1:1,accuracy,0.8275,,1338
1,RF,combined,1600,1600,1:1,accuracy,0.81875,,1339
1,LGBM,parsed,1600,1600,1:1,accuracy,0.79,,1337
1,LGBM,parsed,1600,1600,1:1,accuracy,0.81375,,1338
1,LGBM,parsed,1600,1600,1:1,accuracy,0.805625,,1339
1,LGBM,format_agnostic,1600,1600,1:1,accuracy,0.81625,,1337
1,LGBM,format_agnostic,1600,1600,1:1,accuracy,0.81125,,1338
1,LGBM,format_agnostic,1600,1600,1:1,accuracy,0.816875,,1339
1,LGBM,combined,1600,1600,1:1,accuracy,0.816875,,1337
1,LGBM,combined,1600,1600,1:1,accuracy,0.825,,1338
1,LGBM,combined,1600,1600,1:1,accuracy,0.844375,,1339
1,SVM,parsed,1600,1600,1:1,accuracy,0.706875,,1337
1,SVM,parsed,1600,1600,1:1,accuracy,0.775,,1338
1,SVM,parsed,1600,1600,1:1,accuracy,0.73625,,1339
1,SVM,format_agnostic,1600,1600,1:1,accuracy,0.731875,,1337
1,SVM,format_agnostic,1600,1600,1:1,accuracy,0.725625,,1338
1,SVM,format_agnostic,1600,1600,1:1,accuracy,0.711875,,1339
1,SVM,combined,1600,1600,1:1,accuracy,0.7525,,1337
1,SVM,combined,1600,1600,1:1,accuracy,0.769375,,1338
1,SVM,combined,1600,1600,1:1,accuracy,0.703125,,1339
1,DT,parsed,3200,3200,1:1,accuracy,0.7003125,,1337
1,DT,parsed,3200,3200,1:1,accuracy,0.7534375,,1338
1,DT,parsed,3200,3200,1:1,accuracy,0.775625,,1339
1,DT,format_agnostic,3200,3200,1:1,accuracy,0.7296875,,1337
1,DT,format_agnostic,3200,3200,1:1,accuracy,0.7353125,,1338
1,DT,format_agnostic,3200,3200,1:1,accuracy,0.7234375,,1339
1,DT,combined,3200,3200,1:1,accuracy,0.77875,,1337
1,DT,combined,3200,3200,1:1,accuracy,0.759375,,1338
1,DT,combined,3200,3200,1:1,accuracy,0.7428125,,1339
1,RF,parsed,3200,3200,1:1,accuracy,0.7665625,,1337
1,RF,parsed,3200,3200,1:1,accuracy,0.754375,,1338
1,RF,parsed,3200,3200,1:1,accuracy,0.7571875,,1339
1,RF,format_agnostic,3200,3200,1:1,accuracy,0.7959375,,1337
1,RF,format_agnostic,3200,3200,1:1,accuracy,0.8184375,,1338
1,RF,format_agnostic,3200,3200,1:1,accuracy,0.805,,1339
1,RF,combined,3200,3200,1:1,accuracy,0.815625,,1337
1,RF,combined,3200,3200,1:1,accuracy,0.833125,,1338
1,RF,combined,3200,3200,1:1,accuracy,0.84,,1339
1,LGBM,parsed,3200,3200,1:1,accuracy,0.82875,,1337
1,LGBM,parsed,3200,3200,1:1,accuracy,0.803125,,1338
1,LGBM,parsed,3200,3200,1:1,accuracy,0.828125,,1339
1,LGBM,format_agnostic,3200,3200,1:1,accuracy,0.82125,,1337
1,LGBM,format_agnostic,3200,3200,1:1,accuracy,0.83,,1338
1,LGBM,format_agnostic,3200,3200,1:1,accuracy,0.834375,,1339
1,LGBM,combined,3200,3200,1:1,accuracy,0.840625,,1337
1,LGBM,combined,3200,3200,1:1,accuracy,0.848125,,1338
1,LGBM,combined,3200,3200,1:1,accuracy,0.88,,1339
1,SVM,parsed,3200,3200,1:1,accuracy,0.7121875,,1337
1,SVM,parsed,3200,3200,1:1,accuracy,0.776875,,1338
1,SVM,parsed,3200,3200,1:1,accuracy,0.7284375,,1339
1,SVM,format_agnostic,3200,3200,1:1,accuracy,0.718125,,1337
1,SVM,format_agnostic,3200,3200,1:1,accuracy,0.7446875,,1338
1,SVM,format_agnostic,3200,3200,1:1,accuracy,0.723125,,1339
1,SVM,combined,3200,3200,1:1,accuracy,0.7159375,,1337
1,SVM,combined,3200,3200,1:1,accuracy,0.75625,,1338
1,SVM,combined,3200,3200,1:1,accuracy,0.7328125,,1339
1,DT,parsed,6400,6400,1:1,accuracy,0.78078125,,1337
1,DT,parsed,6400,6400,1:1,accuracy,0.76203125,,1338
1,DT,parsed,6400,6400,1:1,accuracy,0.78859375,,1339
1,DT,format_agnostic,6400,6400,1:1,accuracy,0.7521875,,1337
1,DT,format_agnostic,6400,6400,1:1,accuracy,0.73796875,,1338
1,DT,format_agnostic,6400,6400,1:1,accuracy,0.72140625,,1339
1,DT,combined,6400,6400,1:1,accuracy,0.8090625,,1337
1,DT,combined,6400,6400,1:1,accuracy,0.7934375,,1338
1,DT,combined,6400,6400,1:1,accuracy,0.8028125,,1339
1,RF,parsed,6400,6400,1:1,accuracy,0.8065625,,1337
1,RF,parsed,6400,6400,1:1,accuracy,0.7690625,,1338
1,RF,parsed,6400,6400,1:1,accuracy,0.78109375,,1339
1,RF,format_agnostic,6400,6400,1:1,accuracy,0.81265625,,1337
1,RF,format_agnostic,6400,6400,1:1,accuracy,0.80703125,,1338
1,RF,format_agnostic,6400,6400,1:1,accuracy,0.813125,,1339
1,RF,combined,6400,6400,1:1,accuracy,0.8428125,,1337
1,RF,combined,6400,6400,1:1,accuracy,0.84,,1338
1,RF,combined,6400,6400,1:1,accuracy,0.84359375,,1339
1,LGBM,parsed,6400,6400,1:1,accuracy,0.874375,,1337
1,LGBM,parsed,6400,6400,1:1,accuracy,0.81140625,,1338
1,LGBM,parsed,6400,6400,1:1,accuracy,0.8325,,1339
1,LGBM,format_agnostic,6400,6400,1:1,accuracy,0.8471875,,1337
1,LGBM,format_agnostic,6400,6400,1:1,accuracy,0.8415625,,1338
1,LGBM,format_agnostic,6400,6400,1:1,accuracy,0.83703125,,1339
1,LGBM,combined,6400,6400,1:1,accuracy,0.87953125,,1337
1,LGBM,combined,6400,6400,1:1,accuracy,0.87140625,,1338
1,LGBM,combined,6400,6400,1:1,accuracy,0.86625,,1339
1,SVM,parsed,6400,6400,1:1,accuracy,0.721875,,1337
1,SVM,parsed,6400,6400,1:1,accuracy,0.75875,,1338
1,SVM,parsed,6400,6400,1:1,accuracy,0.76078125,,1339
1,SVM,format_agnostic,6400,6400,1:1,accuracy,0.74109375,,1337
1,SVM,format_agnostic,6400,6400,1:1,accuracy,0.7225,,1338
1,SVM,format_agnostic,6400,6400,1:1,accuracy,0.72703125,,1339
1,SVM,combined,6400,6400,1:1,accuracy,0.72671875,,1337
1,SVM,combined,6400,6400,1:1,accuracy,0.738125,,1338
1,SVM,combined,6400,6400,1:1,accuracy,0.7528125,,1339
1,DT,parsed,12800,12800,1:1,accuracy,0.796640625,,1337
1,DT,parsed,12800,12800,1:1,accuracy,0.786953125,,1338
1,DT,parsed,12800,12800,1:1,accuracy,0.7559375,,1339
1,DT,format_agnostic,12800,12800,1:1,accuracy,0.7609375,,1337
1,DT,format_agnostic,12800,12800,1:1,accuracy,0.7475,,1338
1,DT,format_agnostic,12800,12800,1:1,accuracy,0.736953125,,1339
1,DT,combined,12800,12800,1:1,accuracy,0.795546875,,1337
1,DT,combined,12800,12800,1:1,accuracy,0.76890625,,1338
1,DT,combined,12800,12800,1:1,accuracy,0.807421875,,1339
1,RF,parsed,12800,12800,1:1,accuracy,0.800703125,,1337
1,RF,parsed,12800,12800,1:1,accuracy,0.76875,,1338
1,RF,parsed,12800,12800,1:1,accuracy,0.78375,,1339
1,RF,format_agnostic,12800,12800,1:1,accuracy,0.829453125,,1337
1,RF,format_agnostic,12800,12800,1:1,accuracy,0.812734375,,1338
1,RF,format_agnostic,12800,12800,1:1,accuracy,0.833984375,,1339
1,RF,combined,12800,12800,1:1,accuracy,0.861015625,,1337
1,RF,combined,12800,12800,1:1,accuracy,0.845859375,,1338
1,RF,combined,12800,12800,1:1,accuracy,0.864609375,,1339
1,LGBM,parsed,12800,12800,1:1,accuracy,0.857890625,,1337
1,LGBM,parsed,12800,12800,1:1,accuracy,0.833203125,,1338
1,LGBM,parsed,12800,12800,1:1,accuracy,0.85109375,,1339
1,LGBM,format_agnostic,12800,12800,1:1,accuracy,0.852890625,,1337
1,LGBM,format_agnostic,12800,12800,1:1,accuracy,0.835,,1338
1,LGBM,format_agnostic,12800,12800,1:1,accuracy,0.847109375,,1339
1,LGBM,combined,12800,12800,1:1,accuracy,0.886328125,,1337
1,LGBM,combined,12800,12800,1:1,accuracy,0.881171875,,1338
1,LGBM,combined,12800,12800,1:1,accuracy,0.89359375,,1339
1,SVM,parsed,12800,12800,1:1,accuracy,0.770703125,,1337
1,SVM,parsed,12800,12800,1:1,accuracy,0.748515625,,1338
1,SVM,parsed,12800,12800,1:1,accuracy,0.7534375,,1339
1,SVM,format_agnostic,12800,12800,1:1,accuracy,0.698046875,,1337
1,SVM,format_agnostic,12800,12800,1:1,accuracy,0.7278125,,1338
1,SVM,format_agnostic,12800,12800,1:1,accuracy,0.708359375,,1339
1,SVM,combined,12800,12800,1:1,accuracy,0.77515625,,1337
1,SVM,combined,12800,12800,1:1,accuracy,0.757890625,,1338
1,SVM,combined,12800,12800,1:1,accuracy,0.744375,,1339
1,DT,parsed,25600,25600,1:1,accuracy,0.826484375,,1337
1,DT,parsed,25600,25600,1:1,accuracy,0.764609375,,1338
1,DT,parsed,25600,25600,1:1,accuracy,0.8300390625,,1339
1,DT,format_agnostic,25600,25600,1:1,accuracy,0.7795703125,,1337
1,DT,format_agnostic,25600,25600,1:1,accuracy,0.7444921875,,1338
1,DT,format_agnostic,25600,25600,1:1,accuracy,0.76125,,1339
1,DT,combined,25600,25600,1:1,accuracy,0.8176171875,,1337
1,DT,combined,25600,25600,1:1,accuracy,0.8265625,,1338
1,DT,combined,25600,25600,1:1,accuracy,0.8261328125,,1339
1,RF,parsed,25600,25600,1:1,accuracy,0.8171875,,1337
1,RF,parsed,25600,25600,1:1,accuracy,0.781953125,,1338
1,RF,parsed,25600,25600,1:1,accuracy,0.789765625,,1339
1,RF,format_agnostic,25600,25600,1:1,accuracy,0.8373046875,,1337
1,RF,format_agnostic,25600,25600,1:1,accuracy,0.8198828125,,1338
1,RF,format_agnostic,25600,25600,1:1,accuracy,0.841953125,,1339
1,RF,combined,25600,25600,1:1,accuracy,0.870625,,1337
1,RF,combined,25600,25600,1:1,accuracy,0.8571484375,,1338
1,RF,combined,25600,25600,1:1,accuracy,0.8766796875,,1339
1,LGBM,parsed,25600,25600,1:1,accuracy,0.891015625,,1337
1,LGBM,parsed,25600,25600,1:1,accuracy,0.8445703125,,1338
1,LGBM,parsed,25600,25600,1:1,accuracy,0.8776171875,,1339
1,LGBM,format_agnostic,25600,25600,1:1,accuracy,0.853984375,,1337
1,LGBM,format_agnostic,25600,25600,1:1,accuracy,0.84296875,,1338
1,LGBM,format_agnostic,25600,25600,1:1,accuracy,0.85875,,1339
1,LGBM,combined,25600,25600,1:1,accuracy,0.9130859375,,1337
1,LGBM,combined,25600,25600,1:1,accuracy,0.90265625,,1338
1,LGBM,combined,25600,25600,1:1,accuracy,0.9160546875,,1339
1,SVM,parsed,25600,25600,1:1,accuracy,0.7918359375,,1337
1,SVM,parsed,25600,25600,1:1,accuracy,0.7873046875,,1338
1,SVM,parsed,25600,25600,1:1,accuracy,0.7840625,,1339
1,SVM,format_agnostic,25600,25600,1:1,accuracy,0.7209765625,,1337
1,SVM,format_agnostic,25600,25600,1:1,accuracy,0.71,,1338
1,SVM,format_agnostic,25600,25600,1:1,accuracy,0.703046875,,1339
1,SVM,combined,25600,25600,1:1,accuracy,0.78921875,,1337
1,SVM,combined,25600,25600,1:1,accuracy,0.7841015625,,1338
1,SVM,combined,25600,25600,1:1,accuracy,0.79203125,,1339
1,DT,parsed,51200,51200,1:1,accuracy,0.81654296875,,1337
1,DT,parsed,51200,51200,1:1,accuracy,0.8238671875,,1338
1,DT,parsed,51200,51200,1:1,accuracy,0.79962890625,,1339
1,DT,format_agnostic,51200,51200,1:1,accuracy,0.7632421875,,1337
1,DT,format_agnostic,51200,51200,1:1,accuracy,0.790859375,,1338
1,DT,format_agnostic,51200,51200,1:1,accuracy,0.752109375,,1339
1,DT,combined,51200,51200,1:1,accuracy,0.84568359375,,1337
1,DT,combined,51200,51200,1:1,accuracy,0.819375,,1338
1,DT,combined,51200,51200,1:1,accuracy,0.84794921875,,1339
1,RF,parsed,51200,51200,1:1,accuracy,0.824453125,,1337
1,RF,parsed,51200,51200,1:1,accuracy,0.7979296875,,1338
1,RF,parsed,51200,51200,1:1,accuracy,0.7966796875,,1339
1,RF,format_agnostic,51200,51200,1:1,accuracy,0.848359375,,1337
1,RF,format_agnostic,51200,51200,1:1,accuracy,0.8396875,,1338
1,RF,format_agnostic,51200,51200,1:1,accuracy,0.85568359375,,1339
1,RF,combined,51200,51200,1:1,accuracy,0.87810546875,,1337
1,RF,combined,51200,51200,1:1,accuracy,0.8762890625,,1338
1,RF,combined,51200,51200,1:1,accuracy,0.8858203125,,1339
1,LGBM,parsed,51200,51200,1:1,accuracy,0.871796875,,1337
1,LGBM,parsed,51200,51200,1:1,accuracy,0.8690234375,,1338
1,LGBM,parsed,51200,51200,1:1,accuracy,0.8466796875,,1339
1,LGBM,format_agnostic,51200,51200,1:1,accuracy,0.86169921875,,1337
1,LGBM,format_agnostic,51200,51200,1:1,accuracy,0.8498828125,,1338
1,LGBM,format_agnostic,51200,51200,1:1,accuracy,0.861875,,1339
1,LGBM,combined,51200,51200,1:1,accuracy,0.92275390625,,1337
1,LGBM,combined,51200,51200,1:1,accuracy,0.92072265625,,1338
1,LGBM,combined,51200,51200,1:1,accuracy,0.9236328125,,1339
1,SVM,parsed,51200,51200,1:1,accuracy,0.76640625,,1337
1,SVM,parsed,51200,51200,1:1,accuracy,0.75955078125,,1338
1,SVM,parsed,51200,51200,1:1,accuracy,0.78826171875,,1339
1,SVM,format_agnostic,51200,51200,1:1,accuracy,0.72751953125,,1337
1,SVM,format_agnostic,51200,51200,1:1,accuracy,0.70916015625,,1338
1,SVM,format_agnostic,51200,51200,1:1,accuracy,0.70908203125,,1339
1,SVM,combined,51200,51200,1:1,accuracy,0.79443359375,,1337
1,SVM,combined,51200,51200,1:1,accuracy,0.78794921875,,1338
1,SVM,combined,51200,51200,1:1,accuracy,0.8022265625,,1339
1,DT,parsed,102400,102400,1:1,accuracy,0.848623046875,,1337
1,DT,parsed,102400,102400,1:1,accuracy,0.827861328125,,1338
1,DT,parsed,102400,102400,1:1,accuracy,0.83107421875,,1339
1,DT,format_agnostic,102400,102400,1:1,accuracy,0.785712890625,,1337
1,DT,format_agnostic,102400,102400,1:1,accuracy,0.799482421875,,1338
1,DT,format_agnostic,102400,102400,1:1,accuracy,0.809951171875,,1339
1,DT,combined,102400,102400,1:1,accuracy,0.849951171875,,1337
1,DT,combined,102400,102400,1:1,accuracy,0.84404296875,,1338
1,DT,combined,102400,102400,1:1,accuracy,0.858232421875,,1339
1,RF,parsed,102400,102400,1:1,accuracy,0.8125,,1337
1,RF,parsed,102400,102400,1:1,accuracy,0.819287109375,,1338
1,RF,parsed,102400,102400,1:1,accuracy,0.81603515625,,1339
1,RF,format_agnostic,102400,102400,1:1,accuracy,0.85537109375,,1337
1,RF,format_agnostic,102400,102400,1:1,accuracy,0.862548828125,,1338
1,RF,format_agnostic,102400,102400,1:1,accuracy,0.861533203125,,1339
1,RF,combined,102400,102400,1:1,accuracy,0.8803125,,1337
1,RF,combined,102400,102400,1:1,accuracy,0.8946484375,,1338
1,RF,combined,102400,102400,1:1,accuracy,0.891376953125,,1339
1,LGBM,parsed,102400,102400,1:1,accuracy,0.860234375,,1337
1,LGBM,parsed,102400,102400,1:1,accuracy,0.883203125,,1338
1,LGBM,parsed,102400,102400,1:1,accuracy,0.8781640625,,1339
1,LGBM,format_agnostic,102400,102400,1:1,accuracy,0.861630859375,,1337
1,LGBM,format_agnostic,102400,102400,1:1,accuracy,0.858759765625,,1338
1,LGBM,format_agnostic,102400,102400,1:1,accuracy,0.868603515625,,1339
1,LGBM,combined,102400,102400,1:1,accuracy,0.927734375,,1337
1,LGBM,combined,102400,102400,1:1,accuracy,0.922646484375,,1338
1,LGBM,combined,102400,102400,1:1,accuracy,0.92953125,,1339
1,SVM,parsed,102400,102400,1:1,accuracy,0.76640625,,1337
1,SVM,parsed,102400,102400,1:1,accuracy,0.789775390625,,1338
1,SVM,parsed,102400,102400,1:1,accuracy,0.802734375,,1339
1,SVM,format_agnostic,102400,102400,1:1,accuracy,0.71484375,,1337
1,SVM,format_agnostic,102400,102400,1:1,accuracy,0.71224609375,,1338
1,SVM,format_agnostic,102400,102400,1:1,accuracy,0.71083984375,,1339
1,SVM,combined,102400,102400,1:1,accuracy,0.800576171875,,1337
1,SVM,combined,102400,102400,1:1,accuracy,0.80404296875,,1338
1,SVM,combined,102400,102400,1:1,accuracy,0.785478515625,,1339
1,DT,parsed,204800,204800,1:1,accuracy,0.8529833984375,,1337
1,DT,parsed,204800,204800,1:1,accuracy,0.841533203125,,1338
1,DT,parsed,204800,204800,1:1,accuracy,0.862666015625,,1339
1,DT,format_agnostic,204800,204800,1:1,accuracy,0.7931591796875,,1337
1,DT,format_agnostic,204800,204800,1:1,accuracy,0.82107421875,,1338
1,DT,format_agnostic,204800,204800,1:1,accuracy,0.81533203125,,1339
1,DT,combined,204800,204800,1:1,accuracy,0.8658544921875,,1337
1,DT,combined,204800,204800,1:1,accuracy,0.8670654296875,,1338
1,DT,combined,204800,204800,1:1,accuracy,0.866552734375,,1339
1,RF,parsed,204800,204800,1:1,accuracy,0.8320654296875,,1337
1,RF,parsed,204800,204800,1:1,accuracy,0.8290234375,,1338
1,RF,parsed,204800,204800,1:1,accuracy,0.8314990234375,,1339
1,RF,format_agnostic,204800,204800,1:1,accuracy,0.8694921875,,1337
1,RF,format_agnostic,204800,204800,1:1,accuracy,0.8721337890625,,1338
1,RF,format_agnostic,204800,204800,1:1,accuracy,0.872265625,,1339
1,RF,combined,204800,204800,1:1,accuracy,0.894501953125,,1337
1,RF,combined,204800,204800,1:1,accuracy,0.9060595703125,,1338
1,RF,combined,204800,204800,1:1,accuracy,0.9036767578125,,1339
1,LGBM,parsed,204800,204800,1:1,accuracy,0.855185546875,,1337
1,LGBM,parsed,204800,204800,1:1,accuracy,0.885869140625,,1338
1,LGBM,parsed,204800,204800,1:1,accuracy,0.869677734375,,1339
1,LGBM,format_agnostic,204800,204800,1:1,accuracy,0.8696435546875,,1337
1,LGBM,format_agnostic,204800,204800,1:1,accuracy,0.86734375,,1338
1,LGBM,format_agnostic,204800,204800,1:1,accuracy,0.867177734375,,1339
1,LGBM,combined,204800,204800,1:1,accuracy,0.92974609375,,1337
1,LGBM,combined,204800,204800,1:1,accuracy,0.9280810546875,,1338
1,LGBM,combined,204800,204800,1:1,accuracy,0.930517578125,,1339
1,SVM,parsed,204800,204800,1:1,accuracy,0.7595947265625,,1337
1,SVM,parsed,204800,204800,1:1,accuracy,0.7894140625,,1338
1,SVM,parsed,204800,204800,1:1,accuracy,0.7783837890625,,1339
1,SVM,format_agnostic,204800,204800,1:1,accuracy,0.7132763671875,,1337
1,SVM,format_agnostic,204800,204800,1:1,accuracy,0.7117822265625,,1338
1,SVM,format_agnostic,204800,204800,1:1,accuracy,0.7134326171875,,1339
1,SVM,combined,204800,204800,1:1,accuracy,0.757900390625,,1337
1,SVM,combined,204800,204800,1:1,accuracy,0.7871484375,,1338
1,SVM,combined,204800,204800,1:1,accuracy,0.7952001953125,,1339
2,DT,parsed,200,161250,1:128,real-life,0.496,0.25129375,1337
2,DT,parsed,200,161250,1:128,real-life,0.4816,0.19936875,1338
2,DT,parsed,200,161250,1:128,real-life,0.416,0.2456375,1339
2,DT,format_agnostic,200,161250,1:128,real-life,0.5088,0.26319375,1337
2,DT,format_agnostic,200,161250,1:128,real-life,0.6408,0.32688125,1338
2,DT,format_agnostic,200,161250,1:128,real-life,0.5064,0.23999375,1339
2,DT,combined,200,161250,1:128,real-life,0.676,0.29475625,1337
2,DT,combined,200,161250,1:128,real-life,0.6512,0.28330625,1338
2,DT,combined,200,161250,1:128,real-life,0.5008,0.24456875,1339
2,RF,parsed,200,161250,1:128,real-life,0.036,0.01033125,1337
2,RF,parsed,200,161250,1:128,real-life,0.14,0.01166875,1338
2,RF,parsed,200,161250,1:128,real-life,0.0768,0.01018125,1339
2,RF,format_agnostic,200,161250,1:128,real-life,0.0632,0.01085,1337
2,RF,format_agnostic,200,161250,1:128,real-life,0.0808,0.01145,1338
2,RF,format_agnostic,200,161250,1:128,real-life,0.0576,0.0122375,1339
2,RF,combined,200,161250,1:128,real-life,0.056,0.0102625,1337
2,RF,combined,200,161250,1:128,real-life,0.0832,0.01215,1338
2,RF,combined,200,161250,1:128,real-life,0.04,0.0100375,1339
2,LGBM,parsed,200,161250,1:128,real-life,0.0496,0.01000625,1337
2,LGBM,parsed,200,161250,1:128,real-life,0.0968,0.01,1338
2,LGBM,parsed,200,161250,1:128,real-life,0.0432,0.01,1339
2,LGBM,format_agnostic,200,161250,1:128,real-life,0.0544,0.01,1337
2,LGBM,format_agnostic,200,161250,1:128,real-life,0.0888,0.01,1338
2,LGBM,format_agnostic,200,161250,1:128,real-life,0.044,0.01,1339
2,LGBM,combined,200,161250,1:128,real-life,0.092,0.01,1337
2,LGBM,combined,200,161250,1:128,real-life,0.1032,0.01,1338
2,LGBM,combined,200,161250,1:128,real-life,0.06,0.01,1339
2,SVM,parsed,200,161250,1:128,real-life,0.656,0.3157891472868217,1337
2,SVM,parsed,200,161250,1:128,real-life,0.6688,0.3397271317829457,1338
2,SVM,parsed,200,161250,1:128,real-life,0.5808,0.3092217054263566,1339
2,SVM,format_agnostic,200,161250,1:128,real-life,0.5984,0.22928372093023255,1337
2,SVM,format_agnostic,200,161250,1:128,real-life,0.6024,0.28889302325581395,1338
2,SVM,format_agnostic,200,161250,1:128,real-life,0.5832,0.2376,1339
2,SVM,combined,200,161250,1:128,real-life,0.632,0.3219968992248062,1337
2,SVM,combined,200,161250,1:128,real-life,0.6744,0.3308403100775194,1338
2,SVM,combined,200,161250,1:128,real-life,0.5064,0.27798449612403103,1339
2,DT,parsed,400,161250,1:128,real-life,0.62,0.23514375,1337
2,DT,parsed,400,161250,1:128,real-life,0.648,0.18771875,1338
2,DT,parsed,400,161250,1:128,real-life,0.5624,0.25614375,1339
2,DT,format_agnostic,400,161250,1:128,real-life,0.5752,0.2453375,1337
2,DT,format_agnostic,400,161250,1:128,real-life,0.6432,0.2273,1338
2,DT,format_agnostic,400,161250,1:128,real-life,0.5264,0.23603125,1339
2,DT,combined,400,161250,1:128,real-life,0.536,0.21685,1337
2,DT,combined,400,161250,1:128,real-life,0.6112,0.17314375,1338
2,DT,combined,400,161250,1:128,real-life,0.4784,0.25700625,1339
2,RF,parsed,400,161250,1:128,real-life,0.1568,0.01141875,1337
2,RF,parsed,400,161250,1:128,real-life,0.1592,0.0102625,1338
2,RF,parsed,400,161250,1:128,real-life,0.1224,0.01023125,1339
2,RF,format_agnostic,400,161250,1:128,real-life,0.1088,0.01015,1337
2,RF,format_agnostic,400,161250,1:128,real-life,0.1352,0.01151875,1338
2,RF,format_agnostic,400,161250,1:128,real-life,0.0704,0.0105625,1339
2,RF,combined,400,161250,1:128,real-life,0.0992,0.01079375,1337
2,RF,combined,400,161250,1:128,real-life,0.1768,0.0100625,1338
2,RF,combined,400,161250,1:128,real-life,0.0968,0.0107875,1339
2,LGBM,parsed,400,161250,1:128,real-life,0.1872,0.01,1337
2,LGBM,parsed,400,161250,1:128,real-life,0.176,0.0100375,1338
2,LGBM,parsed,400,161250,1:128,real-life,0.164,0.01,1339
2,LGBM,format_agnostic,400,161250,1:128,real-life,0.0848,0.01,1337
2,LGBM,format_agnostic,400,161250,1:128,real-life,0.128,0.01,1338
2,LGBM,format_agnostic,400,161250,1:128,real-life,0.1168,0.01,1339
2,LGBM,combined,400,161250,1:128,real-life,0.1344,0.01,1337
2,LGBM,combined,400,161250,1:128,real-life,0.16,0.01,1338
2,LGBM,combined,400,161250,1:128,real-life,0.0784,0.01028125,1339
2,SVM,parsed,400,161250,1:128,real-life,0.5464,0.22352868217054264,1337
2,SVM,parsed,400,161250,1:128,real-life,0.608,0.2590015503875969,1338
2,SVM,parsed,400,161250,1:128,real-life,0.6848,0.3150573643410853,1339
2,SVM,format_agnostic,400,161250,1:128,real-life,0.6168,0.25684341085271317,1337
2,SVM,format_agnostic,400,161250,1:128,real-life,0.6544,0.2482418604651163,1338
2,SVM,format_agnostic,400,161250,1:128,real-life,0.7104,0.2938480620155039,1339
2,SVM,combined,400,161250,1:128,real-life,0.624,0.25993178294573643,1337
2,SVM,combined,400,161250,1:128,real-life,0.6064,0.25691162790697675,1338
2,SVM,combined,400,161250,1:128,real-life,0.608,0.28829767441860465,1339
2,DT,parsed,800,161250,1:128,real-life,0.532,0.1980625,1337
2,DT,parsed,800,161250,1:128,real-life,0.5776,0.1933625,1338
2,DT,parsed,800,161250,1:128,real-life,0.6152,0.20363125,1339
2,DT,format_agnostic,800,161250,1:128,real-life,0.632,0.25328125,1337
2,DT,format_agnostic,800,161250,1:128,real-life,0.7232,0.22900625,1338
2,DT,format_agnostic,800,161250,1:128,real-life,0.6256,0.2933625,1339
2,DT,combined,800,161250,1:128,real-life,0.5448,0.2296625,1337
2,DT,combined,800,161250,1:128,real-life,0.632,0.16554375,1338
2,DT,combined,800,161250,1:128,real-life,0.5984,0.1824125,1339
2,RF,parsed,800,161250,1:128,real-life,0.2264,0.010975,1337
2,RF,parsed,800,161250,1:128,real-life,0.1872,0.01055,1338
2,RF,parsed,800,161250,1:128,real-life,0.2064,0.01253125,1339
2,RF,format_agnostic,800,161250,1:128,real-life,0.1208,0.01010625,1337
2,RF,format_agnostic,800,161250,1:128,real-life,0.1488,0.01205625,1338
2,RF,format_agnostic,800,161250,1:128,real-life,0.1776,0.01155625,1339
2,RF,combined,800,161250,1:128,real-life,0.1256,0.01105625,1337
2,RF,combined,800,161250,1:128,real-life,0.16,0.01098125,1338
2,RF,combined,800,161250,1:128,real-life,0.144,0.01006875,1339
2,LGBM,parsed,800,161250,1:128,real-life,0.1576,0.01000625,1337
2,LGBM,parsed,800,161250,1:128,real-life,0.1872,0.01,1338
2,LGBM,parsed,800,161250,1:128,real-life,0.1888,0.01,1339
2,LGBM,format_agnostic,800,161250,1:128,real-life,0.208,0.01,1337
2,LGBM,format_agnostic,800,161250,1:128,real-life,0.1912,0.01,1338
2,LGBM,format_agnostic,800,161250,1:128,real-life,0.2008,0.01,1339
2,LGBM,combined,800,161250,1:128,real-life,0.208,0.01,1337
2,LGBM,combined,800,161250,1:128,real-life,0.2336,0.01,1338
2,LGBM,combined,800,161250,1:128,real-life,0.184,0.01,1339
2,SVM,parsed,800,161250,1:128,real-life,0.6296,0.22748527131782945,1337
2,SVM,parsed,800,161250,1:128,real-life,0.6768,0.2491596899224806,1338
2,SVM,parsed,800,161250,1:128,real-life,0.6416,0.2080248062015504,1339
2,SVM,format_agnostic,800,161250,1:128,real-life,0.6472,0.2460031007751938,1337
2,SVM,format_agnostic,800,161250,1:128,real-life,0.5808,0.254046511627907,1338
2,SVM,format_agnostic,800,161250,1:128,real-life,0.6688,0.22829147286821705,1339
2,SVM,combined,800,161250,1:128,real-life,0.66,0.22274728682170541,1337
2,SVM,combined,800,161250,1:128,real-life,0.6264,0.2190139534883721,1338
2,SVM,combined,800,161250,1:128,real-life,0.5536,0.23146046511627907,1339
2,DT,parsed,1600,161250,1:128,real-life,0.5696,0.16555,1337
2,DT,parsed,1600,161250,1:128,real-life,0.668,0.183175,1338
2,DT,parsed,1600,161250,1:128,real-life,0.5968,0.206025,1339
2,DT,format_agnostic,1600,161250,1:128,real-life,0.64,0.2017625,1337
2,DT,format_agnostic,1600,161250,1:128,real-life,0.6464,0.21698125,1338
2,DT,format_agnostic,1600,161250,1:128,real-life,0.624,0.1800625,1339
2,DT,combined,1600,161250,1:128,real-life,0.6424,0.1945375,1337
2,DT,combined,1600,161250,1:128,real-life,0.6688,0.1627625,1338
2,DT,combined,1600,161250,1:128,real-life,0.628,0.1718125,1339
2,RF,parsed,1600,161250,1:128,real-life,0.3152,0.0106,1337
2,RF,parsed,1600,161250,1:128,real-life,0.2512,0.01028125,1338
2,RF,parsed,1600,161250,1:128,real-life,0.2088,0.01079375,1339
2,RF,format_agnostic,1600,161250,1:128,real-life,0.24,0.01083125,1337
2,RF,format_agnostic,1600,161250,1:128,real-life,0.2504,0.0116,1338
2,RF,format_agnostic,1600,161250,1:128,real-life,0.216,0.0110625,1339
2,RF,combined,1600,161250,1:128,real-life,0.2216,0.01128125,1337
2,RF,combined,1600,161250,1:128,real-life,0.2256,0.01136875,1338
2,RF,combined,1600,161250,1:128,real-life,0.1928,0.01065,1339
2,LGBM,parsed,1600,161250,1:128,real-life,0.248,0.01001875,1337
2,LGBM,parsed,1600,161250,1:128,real-life,0.2584,0.01,1338
2,LGBM,parsed,1600,161250,1:128,real-life,0.2352,0.0100375,1339
2,LGBM,format_agnostic,1600,161250,1:128,real-life,0.2576,0.01,1337
2,LGBM,format_agnostic,1600,161250,1:128,real-life,0.2544,0.01,1338
2,LGBM,format_agnostic,1600,161250,1:128,real-life,0.2528,0.01,1339
2,LGBM,combined,1600,161250,1:128,real-life,0.324,0.01,1337
2,LGBM,combined,1600,161250,1:128,real-life,0.3504,0.01,1338
2,LGBM,combined,1600,161250,1:128,real-life,0.2512,0.01,1339
2,SVM,parsed,1600,161250,1:128,real-life,0.6568,0.21147906976744185,1337
2,SVM,parsed,1600,161250,1:128,real-life,0.7256,0.19216124031007753,1338
2,SVM,parsed,1600,161250,1:128,real-life,0.688,0.1847813953488372,1339
2,SVM,format_agnostic,1600,161250,1:128,real-life,0.6712,0.23185736434108528,1337
2,SVM,format_agnostic,1600,161250,1:128,real-life,0.7144,0.23373023255813954,1338
2,SVM,format_agnostic,1600,161250,1:128,real-life,0.7,0.25830697674418607,1339
2,SVM,combined,1600,161250,1:128,real-life,0.6976,0.19427596899224805,1337
2,SVM,combined,1600,161250,1:128,real-life,0.732,0.20749767441860464,1338
2,SVM,combined,1600,161250,1:128,real-life,0.656,0.2144496124031008,1339
2,DT,parsed,3200,161250,1:128,real-life,0.56,0.149325,1337
2,DT,parsed,3200,161250,1:128,real-life,0.6344,0.13431875,1338
2,DT,parsed,3200,161250,1:128,real-life,0.696,0.1376375,1339
2,DT,format_agnostic,3200,161250,1:128,real-life,0.6728,0.2104,1337
2,DT,format_agnostic,3200,161250,1:128,real-life,0.6368,0.17879375,1338
2,DT,format_agnostic,3200,161250,1:128,real-life,0.6328,0.18311875,1339
2,DT,combined,3200,161250,1:128,real-life,0.7064,0.15095,1337
2,DT,combined,3200,161250,1:128,real-life,0.6536,0.14090625,1338
2,DT,combined,3200,161250,1:128,real-life,0.6512,0.1547125,1339
2,RF,parsed,3200,161250,1:128,real-life,0.3424,0.0102625,1337
2,RF,parsed,3200,161250,1:128,real-life,0.2832,0.01003125,1338
2,RF,parsed,3200,161250,1:128,real-life,0.2904,0.0108,1339
2,RF,format_agnostic,3200,161250,1:128,real-life,0.3088,0.01160625,1337
2,RF,format_agnostic,3200,161250,1:128,real-life,0.2752,0.01043125,1338
2,RF,format_agnostic,3200,161250,1:128,real-life,0.2976,0.0104375,1339
2,RF,combined,3200,161250,1:128,real-life,0.2992,0.0110375,1337
2,RF,combined,3200,161250,1:128,real-life,0.2616,0.01035625,1338
2,RF,combined,3200,161250,1:128,real-life,0.2912,0.010825,1339
2,LGBM,parsed,3200,161250,1:128,real-life,0.3592,0.01000625,1337
2,LGBM,parsed,3200,161250,1:128,real-life,0.3232,0.0101625,1338
2,LGBM,parsed,3200,161250,1:128,real-life,0.3176,0.01005625,1339
2,LGBM,format_agnostic,3200,161250,1:128,real-life,0.3216,0.01,1337
2,LGBM,format_agnostic,3200,161250,1:128,real-life,0.32,0.01,1338
2,LGBM,format_agnostic,3200,161250,1:128,real-life,0.312,0.01,1339
2,LGBM,combined,3200,161250,1:128,real-life,0.4496,0.01,1337
2,LGBM,combined,3200,161250,1:128,real-life,0.4152,0.01000625,1338
2,LGBM,combined,3200,161250,1:128,real-life,0.456,0.01,1339
2,SVM,parsed,3200,161250,1:128,real-life,0.6184,0.17793488372093022,1337
2,SVM,parsed,3200,161250,1:128,real-life,0.7176,0.16666046511627908,1338
2,SVM,parsed,3200,161250,1:128,real-life,0.6328,0.17724651162790697,1339
2,SVM,format_agnostic,3200,161250,1:128,real-life,0.6464,0.2013891472868217,1337
2,SVM,format_agnostic,3200,161250,1:128,real-life,0.7152,0.21230387596899225,1338
2,SVM,format_agnostic,3200,161250,1:128,real-life,0.6832,0.2220031007751938,1339
2,SVM,combined,3200,161250,1:128,real-life,0.6264,0.17507596899224806,1337
2,SVM,combined,3200,161250,1:128,real-life,0.6768,0.1648,1338
2,SVM,combined,3200,161250,1:128,real-life,0.6472,0.18232558139534882,1339
2,DT,parsed,6400,161250,1:128,real-life,0.712,0.14065,1337
2,DT,parsed,6400,161250,1:128,real-life,0.6192,0.11683125,1338
2,DT,parsed,6400,161250,1:128,real-life,0.7184,0.1376625,1339
2,DT,format_agnostic,6400,161250,1:128,real-life,0.6568,0.15955625,1337
2,DT,format_agnostic,6400,161250,1:128,real-life,0.6544,0.1562125,1338
2,DT,format_agnostic,6400,161250,1:128,real-life,0.612,0.1673625,1339
2,DT,combined,6400,161250,1:128,real-life,0.7384,0.13358125,1337
2,DT,combined,6400,161250,1:128,real-life,0.7352,0.12898125,1338
2,DT,combined,6400,161250,1:128,real-life,0.7528,0.12784375,1339
2,RF,parsed,6400,161250,1:128,real-life,0.4056,0.0106,1337
2,RF,parsed,6400,161250,1:128,real-life,0.3848,0.01086875,1338
2,RF,parsed,6400,161250,1:128,real-life,0.4016,0.01154375,1339
2,RF,format_agnostic,6400,161250,1:128,real-life,0.324,0.01049375,1337
2,RF,format_agnostic,6400,161250,1:128,real-life,0.2888,0.01010625,1338
2,RF,format_agnostic,6400,161250,1:128,real-life,0.3656,0.01078125,1339
2,RF,combined,6400,161250,1:128,real-life,0.3744,0.0101125,1337
2,RF,combined,6400,161250,1:128,real-life,0.3576,0.0104125,1338
2,RF,combined,6400,161250,1:128,real-life,0.36,0.01039375,1339
2,LGBM,parsed,6400,161250,1:128,real-life,0.4176,0.01,1337
2,LGBM,parsed,6400,161250,1:128,real-life,0.3752,0.01,1338
2,LGBM,parsed,6400,161250,1:128,real-life,0.392,0.01019375,1339
2,LGBM,format_agnostic,6400,161250,1:128,real-life,0.3864,0.01,1337
2,LGBM,format_agnostic,6400,161250,1:128,real-life,0.3744,0.01,1338
2,LGBM,format_agnostic,6400,161250,1:128,real-life,0.3936,0.01,1339
2,LGBM,combined,6400,161250,1:128,real-life,0.5304,0.01,1337
2,LGBM,combined,6400,161250,1:128,real-life,0.512,0.01,1338
2,LGBM,combined,6400,161250,1:128,real-life,0.4896,0.01,1339
2,SVM,parsed,6400,161250,1:128,real-life,0.636,0.17623565891472867,1337
2,SVM,parsed,6400,161250,1:128,real-life,0.672,0.15624806201550387,1338
2,SVM,parsed,6400,161250,1:128,real-life,0.6728,0.15380465116279068,1339
2,SVM,format_agnostic,6400,161250,1:128,real-life,0.6672,0.19312248062015505,1337
2,SVM,format_agnostic,6400,161250,1:128,real-life,0.6656,0.2001612403100775,1338
2,SVM,format_agnostic,6400,161250,1:128,real-life,0.6888,0.20152558139534885,1339
2,SVM,combined,6400,161250,1:128,real-life,0.6168,0.15809612403100776,1337
2,SVM,combined,6400,161250,1:128,real-life,0.6328,0.14532713178294573,1338
2,SVM,combined,6400,161250,1:128,real-life,0.6728,0.15774883720930233,1339
2,DT,parsed,12800,161250,1:128,real-life,0.6952,0.10676875,1337
2,DT,parsed,12800,161250,1:128,real-life,0.6992,0.11355,1338
2,DT,parsed,12800,161250,1:128,real-life,0.6248,0.11168125,1339
2,DT,format_agnostic,12800,161250,1:128,real-life,0.676,0.15040625,1337
2,DT,format_agnostic,12800,161250,1:128,real-life,0.6744,0.1534,1338
2,DT,format_agnostic,12800,161250,1:128,real-life,0.6304,0.15720625,1339
2,DT,combined,12800,161250,1:128,real-life,0.7248,0.11771875,1337
2,DT,combined,12800,161250,1:128,real-life,0.664,0.1178375,1338
2,DT,combined,12800,161250,1:128,real-life,0.7232,0.12053125,1339
2,RF,parsed,12800,161250,1:128,real-life,0.4248,0.01054375,1337
2,RF,parsed,12800,161250,1:128,real-life,0.3776,0.01020625,1338
2,RF,parsed,12800,161250,1:128,real-life,0.3888,0.01021875,1339
2,RF,format_agnostic,12800,161250,1:128,real-life,0.3672,0.01059375,1337
2,RF,format_agnostic,12800,161250,1:128,real-life,0.3504,0.01039375,1338
2,RF,format_agnostic,12800,161250,1:128,real-life,0.3576,0.01094375,1339
2,RF,combined,12800,161250,1:128,real-life,0.46,0.01120625,1337
2,RF,combined,12800,161250,1:128,real-life,0.4672,0.0112125,1338
2,RF,combined,12800,161250,1:128,real-life,0.4208,0.0104375,1339
2,LGBM,parsed,12800,161250,1:128,real-life,0.4544,0.01,1337
2,LGBM,parsed,12800,161250,1:128,real-life,0.4904,0.0100125,1338
2,LGBM,parsed,12800,161250,1:128,real-life,0.464,0.0112125,1339
2,LGBM,format_agnostic,12800,161250,1:128,real-life,0.3936,0.0102375,1337
2,LGBM,format_agnostic,12800,161250,1:128,real-life,0.4584,0.01,1338
2,LGBM,format_agnostic,12800,161250,1:128,real-life,0.3992,0.01,1339
2,LGBM,combined,12800,161250,1:128,real-life,0.632,0.01,1337
2,LGBM,combined,12800,161250,1:128,real-life,0.5456,0.01,1338
2,LGBM,combined,12800,161250,1:128,real-life,0.6064,0.01,1339
2,SVM,parsed,12800,161250,1:128,real-life,0.6952,0.14629457364341086,1337
2,SVM,parsed,12800,161250,1:128,real-life,0.6472,0.14309457364341086,1338
2,SVM,parsed,12800,161250,1:128,real-life,0.624,0.13263875968992248,1339
2,SVM,format_agnostic,12800,161250,1:128,real-life,0.5792,0.182431007751938,1337
2,SVM,format_agnostic,12800,161250,1:128,real-life,0.6848,0.1943937984496124,1338
2,SVM,format_agnostic,12800,161250,1:128,real-life,0.6152,0.19921860465116278,1339
2,SVM,combined,12800,161250,1:128,real-life,0.6912,0.13101395348837208,1337
2,SVM,combined,12800,161250,1:128,real-life,0.6592,0.12834728682170543,1338
2,SVM,combined,12800,161250,1:128,real-life,0.6152,0.13291162790697675,1339
2,DT,parsed,25600,161250,1:128,real-life,0.752,0.0982125,1337
2,DT,parsed,25600,161250,1:128,real-life,0.6168,0.096275,1338
2,DT,parsed,25600,161250,1:128,real-life,0.7584,0.09068125,1339
2,DT,format_agnostic,25600,161250,1:128,real-life,0.6872,0.13536875,1337
2,DT,format_agnostic,25600,161250,1:128,real-life,0.6712,0.14444375,1338
2,DT,format_agnostic,25600,161250,1:128,real-life,0.6432,0.14620625,1339
2,DT,combined,25600,161250,1:128,real-life,0.748,0.10671875,1337
2,DT,combined,25600,161250,1:128,real-life,0.7584,0.09734375,1338
2,DT,combined,25600,161250,1:128,real-life,0.7632,0.10865,1339
2,RF,parsed,25600,161250,1:128,real-life,0.4536,0.01025,1337
2,RF,parsed,25600,161250,1:128,real-life,0.412,0.0100625,1338
2,RF,parsed,25600,161250,1:128,real-life,0.4528,0.01080625,1339
2,RF,format_agnostic,25600,161250,1:128,real-life,0.412,0.01030625,1337
2,RF,format_agnostic,25600,161250,1:128,real-life,0.4392,0.01098125,1338
2,RF,format_agnostic,25600,161250,1:128,real-life,0.432,0.01148125,1339
2,RF,combined,25600,161250,1:128,real-life,0.5472,0.01080625,1337
2,RF,combined,25600,161250,1:128,real-life,0.5992,0.01081875,1338
2,RF,combined,25600,161250,1:128,real-life,0.5992,0.01085,1339
2,LGBM,parsed,25600,161250,1:128,real-life,0.4944,0.01,1337
2,LGBM,parsed,25600,161250,1:128,real-life,0.512,0.0105375,1338
2,LGBM,parsed,25600,161250,1:128,real-life,0.5,0.01,1339
2,LGBM,format_agnostic,25600,161250,1:128,real-life,0.4336,0.01,1337
2,LGBM,format_agnostic,25600,161250,1:128,real-life,0.488,0.01,1338
2,LGBM,format_agnostic,25600,161250,1:128,real-life,0.4576,0.01,1339
2,LGBM,combined,25600,161250,1:128,real-life,0.656,0.01,1337
2,LGBM,combined,25600,161250,1:128,real-life,0.68,0.01,1338
2,LGBM,combined,25600,161250,1:128,real-life,0.6896,0.01,1339
2,SVM,parsed,25600,161250,1:128,real-life,0.7216,0.14461395348837208,1337
2,SVM,parsed,25600,161250,1:128,real-life,0.7144,0.1290046511627907,1338
2,SVM,parsed,25600,161250,1:128,real-life,0.68,0.12223255813953489,1339
2,SVM,format_agnostic,25600,161250,1:128,real-life,0.6216,0.1774015503875969,1337
2,SVM,format_agnostic,25600,161250,1:128,real-life,0.6224,0.1740279069767442,1338
2,SVM,format_agnostic,25600,161250,1:128,real-life,0.5776,0.183968992248062,1339
2,SVM,combined,25600,161250,1:128,real-life,0.7024,0.11645891472868217,1337
2,SVM,combined,25600,161250,1:128,real-life,0.7208,0.11530542635658915,1338
2,SVM,combined,25600,161250,1:128,real-life,0.6976,0.11488372093023255,1339
2,DT,parsed,51200,161250,1:128,real-life,0.7184,0.0836,1337
2,DT,parsed,51200,161250,1:128,real-life,0.72,0.0796,1338
2,DT,parsed,51200,161250,1:128,real-life,0.6728,0.08166875,1339
2,DT,format_agnostic,51200,161250,1:128,real-life,0.6512,0.12745,1337
2,DT,format_agnostic,51200,161250,1:128,real-life,0.7128,0.11938125,1338
2,DT,format_agnostic,51200,161250,1:128,real-life,0.6472,0.1307625,1339
2,DT,combined,51200,161250,1:128,real-life,0.7824,0.09489375,1337
2,DT,combined,51200,161250,1:128,real-life,0.736,0.09290625,1338
2,DT,combined,51200,161250,1:128,real-life,0.7968,0.0905,1339
2,RF,parsed,51200,161250,1:128,real-life,0.4712,0.010575,1337
2,RF,parsed,51200,161250,1:128,real-life,0.516,0.0105125,1338
2,RF,parsed,51200,161250,1:128,real-life,0.492,0.01044375,1339
2,RF,format_agnostic,51200,161250,1:128,real-life,0.4752,0.01063125,1337
2,RF,format_agnostic,51200,161250,1:128,real-life,0.4704,0.01099375,1338
2,RF,format_agnostic,51200,161250,1:128,real-life,0.4496,0.0109875,1339
2,RF,combined,51200,161250,1:128,real-life,0.6248,0.01044375,1337
2,RF,combined,51200,161250,1:128,real-life,0.6384,0.010875,1338
2,RF,combined,51200,161250,1:128,real-life,0.6368,0.0106125,1339
2,LGBM,parsed,51200,161250,1:128,real-life,0.5672,0.01,1337
2,LGBM,parsed,51200,161250,1:128,real-life,0.552,0.01,1338
2,LGBM,parsed,51200,161250,1:128,real-life,0.5208,0.01,1339
2,LGBM,format_agnostic,51200,161250,1:128,real-life,0.4768,0.01,1337
2,LGBM,format_agnostic,51200,161250,1:128,real-life,0.4296,0.01,1338
2,LGBM,format_agnostic,51200,161250,1:128,real-life,0.484,0.01,1339
2,LGBM,combined,51200,161250,1:128,real-life,0.6816,0.01,1337
2,LGBM,combined,51200,161250,1:128,real-life,0.64,0.01001875,1338
2,LGBM,combined,51200,161250,1:128,real-life,0.7384,0.01000625,1339
2,SVM,parsed,51200,161250,1:128,real-life,0.656,0.1345860465116279,1337
2,SVM,parsed,51200,161250,1:128,real-life,0.656,0.11945426356589148,1338
2,SVM,parsed,51200,161250,1:128,real-life,0.6904,0.1169984496124031,1339
2,SVM,format_agnostic,51200,161250,1:128,real-life,0.6376,0.17288062015503877,1337
2,SVM,format_agnostic,51200,161250,1:128,real-life,0.6304,0.17923100775193798,1338
2,SVM,format_agnostic,51200,161250,1:128,real-life,0.592,0.18295193798449613,1339
2,SVM,combined,51200,161250,1:128,real-life,0.712,0.1108031007751938,1337
2,SVM,combined,51200,161250,1:128,real-life,0.7056,0.10037829457364342,1338
2,SVM,combined,51200,161250,1:128,real-life,0.7176,0.10819224806201551,1339
2,DT,parsed,102400,161250,1:128,real-life,0.7696,0.0760125,1337
2,DT,parsed,102400,161250,1:128,real-life,0.7248,0.07230625,1338
2,DT,parsed,102400,161250,1:128,real-life,0.7368,0.07515625,1339
2,DT,format_agnostic,102400,161250,1:128,real-life,0.6792,0.11530625,1337
2,DT,format_agnostic,102400,161250,1:128,real-life,0.7416,0.12243125,1338
2,DT,format_agnostic,102400,161250,1:128,real-life,0.7328,0.11208125,1339
2,DT,combined,102400,161250,1:128,real-life,0.7656,0.07758125,1337
2,DT,combined,102400,161250,1:128,real-life,0.7784,0.07955,1338
2,DT,combined,102400,161250,1:128,real-life,0.8016,0.08025,1339
2,RF,parsed,102400,161250,1:128,real-life,0.556,0.0100125,1337
2,RF,parsed,102400,161250,1:128,real-life,0.5856,0.0102875,1338
2,RF,parsed,102400,161250,1:128,real-life,0.5144,0.010125,1339
2,RF,format_agnostic,102400,161250,1:128,real-life,0.512,0.0105,1337
2,RF,format_agnostic,102400,161250,1:128,real-life,0.52,0.0102,1338
2,RF,format_agnostic,102400,161250,1:128,real-life,0.5008,0.0101125,1339
2,RF,combined,102400,161250,1:128,real-life,0.6784,0.01080625,1337
2,RF,combined,102400,161250,1:128,real-life,0.6944,0.01105,1338
2,RF,combined,102400,161250,1:128,real-life,0.6216,0.0109,1339
2,LGBM,parsed,102400,161250,1:128,real-life,0.56,0.01,1337
2,LGBM,parsed,102400,161250,1:128,real-life,0.5792,0.01,1338
2,LGBM,parsed,102400,161250,1:128,real-life,0.5176,0.01000625,1339
2,LGBM,format_agnostic,102400,161250,1:128,real-life,0.4136,0.01,1337
2,LGBM,format_agnostic,102400,161250,1:128,real-life,0.4608,0.01,1338
2,LGBM,format_agnostic,102400,161250,1:128,real-life,0.468,0.01,1339
2,LGBM,combined,102400,161250,1:128,real-life,0.7112,0.01,1337
2,LGBM,combined,102400,161250,1:128,real-life,0.6936,0.01,1338
2,LGBM,combined,102400,161250,1:128,real-life,0.7688,0.01,1339
2,SVM,parsed,102400,161250,1:128,real-life,0.6664,0.1276279069767442,1337
2,SVM,parsed,102400,161250,1:128,real-life,0.7256,0.13152868217054264,1338
2,SVM,parsed,102400,161250,1:128,real-life,0.7136,0.12690232558139536,1339
2,SVM,format_agnostic,102400,161250,1:128,real-life,0.6152,0.17706046511627907,1337
2,SVM,format_agnostic,102400,161250,1:128,real-life,0.6296,0.18125271317829458,1338
2,SVM,format_agnostic,102400,161250,1:128,real-life,0.5888,0.17965891472868217,1339
2,SVM,combined,102400,161250,1:128,real-life,0.7272,0.11689922480620155,1337
2,SVM,combined,102400,161250,1:128,real-life,0.74,0.1087937984496124,1338
2,SVM,combined,102400,161250,1:128,real-life,0.6888,0.125215503875969,1339
2,DT,parsed,204800,161250,1:128,real-life,0.7584,0.059875,1337
2,DT,parsed,204800,161250,1:128,real-life,0.7688,0.06518125,1338
2,DT,parsed,204800,161250,1:128,real-life,0.7928,0.0625125,1339
2,DT,format_agnostic,204800,161250,1:128,real-life,0.688,0.10429375,1337
2,DT,format_agnostic,204800,161250,1:128,real-life,0.7648,0.0996125,1338
2,DT,format_agnostic,204800,161250,1:128,real-life,0.7368,0.0988625,1339
2,DT,combined,204800,161250,1:128,real-life,0.8,0.06893125,1337
2,DT,combined,204800,161250,1:128,real-life,0.8112,0.070575,1338
2,DT,combined,204800,161250,1:128,real-life,0.8128,0.0687375,1339
2,RF,parsed,204800,161250,1:128,real-life,0.6256,0.0106125,1337
2,RF,parsed,204800,161250,1:128,real-life,0.6144,0.010475,1338
2,RF,parsed,204800,161250,1:128,real-life,0.56,0.01011875,1339
2,RF,format_agnostic,204800,161250,1:128,real-life,0.5664,0.01046875,1337
2,RF,format_agnostic,204800,161250,1:128,real-life,0.5928,0.010825,1338
2,RF,format_agnostic,204800,161250,1:128,real-life,0.592,0.01001875,1339
2,RF,combined,204800,161250,1:128,real-life,0.7248,0.01026875,1337
2,RF,combined,204800,161250,1:128,real-life,0.744,0.010625,1338
2,RF,combined,204800,161250,1:128,real-life,0.728,0.01026875,1339
2,LGBM,parsed,204800,161250,1:128,real-life,0.572,0.01,1337
2,LGBM,parsed,204800,161250,1:128,real-life,0.5736,0.01,1338
2,LGBM,parsed,204800,161250,1:128,real-life,0.5512,0.01,1339
2,LGBM,format_agnostic,204800,161250,1:128,real-life,0.4792,0.01,1337
2,LGBM,format_agnostic,204800,161250,1:128,real-life,0.5056,0.01,1338
2,LGBM,format_agnostic,204800,161250,1:128,real-life,0.4696,0.01,1339
2,LGBM,combined,204800,161250,1:128,real-life,0.6968,0.01,1337
2,LGBM,combined,204800,161250,1:128,real-life,0.7336,0.01,1338
2,LGBM,combined,204800,161250,1:128,real-life,0.7104,0.01,1339
2,SVM,parsed,204800,161250,1:128,real-life,0.6512,0.11968372093023256,1337
2,SVM,parsed,204800,161250,1:128,real-life,0.7232,0.12488682170542635,1338
2,SVM,parsed,204800,161250,1:128,real-life,0.6864,0.13051782945736434,1339
2,SVM,format_agnostic,204800,161250,1:128,real-life,0.6208,0.17698604651162791,1337
2,SVM,format_agnostic,204800,161250,1:128,real-life,0.6312,0.17726511627906977,1338
2,SVM,format_agnostic,204800,161250,1:128,real-life,0.5912,0.17444341085271317,1339
2,SVM,combined,204800,161250,1:128,real-life,0.6592,0.12833488372093024,1337
2,SVM,combined,204800,161250,1:128,real-life,0.7144,0.12022325581395349,1338
2,SVM,combined,204800,161250,1:128,real-life,0.684,0.09998139534883721,1339
3,DT,parsed,204800,2500,1:1,real-life,0.7584,0.0552,1337
3,DT,parsed,204800,2500,1:1,real-life,0.7688,0.0672,1338
3,DT,parsed,204800,2500,1:1,real-life,0.7928,0.0608,1339
3,DT,format_agnostic,204800,2500,1:1,real-life,0.688,0.1152,1337
3,DT,format_agnostic,204800,2500,1:1,real-life,0.7648,0.1088,1338
3,DT,format_agnostic,204800,2500,1:1,real-life,0.7368,0.0968,1339
3,DT,combined,204800,2500,1:1,real-life,0.8,0.0616,1337
3,DT,combined,204800,2500,1:1,real-life,0.8112,0.0768,1338
3,DT,combined,204800,2500,1:1,real-life,0.8128,0.068,1339
3,RF,parsed,204800,2500,1:1,real-life,0.6496,0.0104,1337
3,RF,parsed,204800,2500,1:1,real-life,0.6384,0.012,1338
3,RF,parsed,204800,2500,1:1,real-life,0.5656,0.0104,1339
3,RF,format_agnostic,204800,2500,1:1,real-life,0.6696,0.0144,1337
3,RF,format_agnostic,204800,2500,1:1,real-life,0.62,0.0104,1338
3,RF,format_agnostic,204800,2500,1:1,real-life,0.6392,0.0104,1339
3,RF,combined,204800,2500,1:1,real-life,0.7592,0.0104,1337
3,RF,combined,204800,2500,1:1,real-life,0.7664,0.0112,1338
3,RF,combined,204800,2500,1:1,real-life,0.6992,0.0104,1339
3,LGBM,parsed,204800,2500,1:1,real-life,0.5496,0.0104,1337
3,LGBM,parsed,204800,2500,1:1,real-life,0.604,0.0104,1338
3,LGBM,parsed,204800,2500,1:1,real-life,0.5936,0.0112,1339
3,LGBM,format_agnostic,204800,2500,1:1,real-life,0.4832,0.0104,1337
3,LGBM,format_agnostic,204800,2500,1:1,real-life,0.4576,0.0104,1338
3,LGBM,format_agnostic,204800,2500,1:1,real-life,0.476,0.0104,1339
3,LGBM,combined,204800,2500,1:1,real-life,0.688,0.0104,1337
3,LGBM,combined,204800,2500,1:1,real-life,0.7568,0.0104,1338
3,LGBM,combined,204800,2500,1:1,real-life,0.8376,0.0104,1339
3,SVM,parsed,204800,2500,1:1,real-life,0.6512,0.0576,1337
3,SVM,parsed,204800,2500,1:1,real-life,0.7232,0.06,1338
3,SVM,parsed,204800,2500,1:1,real-life,0.6864,0.0572,1339
3,SVM,format_agnostic,204800,2500,1:1,real-life,0.6208,0.0856,1337
3,SVM,format_agnostic,204800,2500,1:1,real-life,0.6312,0.0976,1338
3,SVM,format_agnostic,204800,2500,1:1,real-life,0.5912,0.084,1339
3,SVM,combined,204800,2500,1:1,real-life,0.6592,0.064,1337
3,SVM,combined,204800,2500,1:1,real-life,0.7144,0.058,1338
3,SVM,combined,204800,2500,1:1,real-life,0.684,0.0492,1339
3,DT,parsed,204800,3750,1:2,real-life,0.7584,0.06,1337
3,DT,parsed,204800,3750,1:2,real-life,0.7688,0.0704,1338
3,DT,parsed,204800,3750,1:2,real-life,0.7928,0.062,1339
3,DT,format_agnostic,204800,3750,1:2,real-life,0.688,0.1116,1337
3,DT,format_agnostic,204800,3750,1:2,real-life,0.7648,0.098,1338
3,DT,format_agnostic,204800,3750,1:2,real-life,0.7368,0.0976,1339
3,DT,combined,204800,3750,1:2,real-life,0.8,0.0596,1337
3,DT,combined,204800,3750,1:2,real-life,0.8112,0.0732,1338
3,DT,combined,204800,3750,1:2,real-life,0.8128,0.0636,1339
3,RF,parsed,204800,3750,1:2,real-life,0.6496,0.0104,1337
3,RF,parsed,204800,3750,1:2,real-life,0.6384,0.0108,1338
3,RF,parsed,204800,3750,1:2,real-life,0.5544,0.0108,1339
3,RF,format_agnostic,204800,3750,1:2,real-life,0.628,0.01,1337
3,RF,format_agnostic,204800,3750,1:2,real-life,0.62,0.01,1338
3,RF,format_agnostic,204800,3750,1:2,real-life,0.592,0.0108,1339
3,RF,combined,204800,3750,1:2,real-life,0.7592,0.012,1337
3,RF,combined,204800,3750,1:2,real-life,0.7664,0.0108,1338
3,RF,combined,204800,3750,1:2,real-life,0.6992,0.0108,1339
3,LGBM,parsed,204800,3750,1:2,real-life,0.552,0.01,1337
3,LGBM,parsed,204800,3750,1:2,real-life,0.5656,0.01,1338
3,LGBM,parsed,204800,3750,1:2,real-life,0.5496,0.01,1339
3,LGBM,format_agnostic,204800,3750,1:2,real-life,0.4824,0.01,1337
3,LGBM,format_agnostic,204800,3750,1:2,real-life,0.4952,0.01,1338
3,LGBM,format_agnostic,204800,3750,1:2,real-life,0.4712,0.01,1339
3,LGBM,combined,204800,3750,1:2,real-life,0.7168,0.01,1337
3,LGBM,combined,204800,3750,1:2,real-life,0.7592,0.01,1338
3,LGBM,combined,204800,3750,1:2,real-life,0.7336,0.01,1339
3,SVM,parsed,204800,3750,1:2,real-life,0.6512,0.07733333333333334,1337
3,SVM,parsed,204800,3750,1:2,real-life,0.7232,0.07893333333333333,1338
3,SVM,parsed,204800,3750,1:2,real-life,0.6864,0.08026666666666667,1339
3,SVM,format_agnostic,204800,3750,1:2,real-life,0.6208,0.11866666666666667,1337
3,SVM,format_agnostic,204800,3750,1:2,real-life,0.6312,0.1232,1338
3,SVM,format_agnostic,204800,3750,1:2,real-life,0.5912,0.11493333333333333,1339
3,SVM,combined,204800,3750,1:2,real-life,0.6592,0.08346666666666666,1337
3,SVM,combined,204800,3750,1:2,real-life,0.7144,0.07626666666666666,1338
3,SVM,combined,204800,3750,1:2,real-life,0.684,0.06453333333333333,1339
3,DT,parsed,204800,6250,1:4,real-life,0.7584,0.0584,1337
3,DT,parsed,204800,6250,1:4,real-life,0.7688,0.0718,1338
3,DT,parsed,204800,6250,1:4,real-life,0.7928,0.056,1339
3,DT,format_agnostic,204800,6250,1:4,real-life,0.688,0.1122,1337
3,DT,format_agnostic,204800,6250,1:4,real-life,0.7648,0.0986,1338
3,DT,format_agnostic,204800,6250,1:4,real-life,0.7368,0.0982,1339
3,DT,combined,204800,6250,1:4,real-life,0.8,0.064,1337
3,DT,combined,204800,6250,1:4,real-life,0.8112,0.071,1338
3,DT,combined,204800,6250,1:4,real-life,0.8128,0.0624,1339
3,RF,parsed,204800,6250,1:4,real-life,0.6376,0.0104,1337
3,RF,parsed,204800,6250,1:4,real-life,0.6144,0.0102,1338
3,RF,parsed,204800,6250,1:4,real-life,0.56,0.0102,1339
3,RF,format_agnostic,204800,6250,1:4,real-life,0.5808,0.0102,1337
3,RF,format_agnostic,204800,6250,1:4,real-life,0.6056,0.01,1338
3,RF,format_agnostic,204800,6250,1:4,real-life,0.5736,0.0112,1339
3,RF,combined,204800,6250,1:4,real-life,0.74,0.0114,1337
3,RF,combined,204800,6250,1:4,real-life,0.7664,0.0118,1338
3,RF,combined,204800,6250,1:4,real-life,0.7112,0.0104,1339
3,LGBM,parsed,204800,6250,1:4,real-life,0.552,0.01,1337
3,LGBM,parsed,204800,6250,1:4,real-life,0.5736,0.01,1338
3,LGBM,parsed,204800,6250,1:4,real-life,0.5928,0.01,1339
3,LGBM,format_agnostic,204800,6250,1:4,real-life,0.4752,0.01,1337
3,LGBM,format_agnostic,204800,6250,1:4,real-life,0.5048,0.01,1338
3,LGBM,format_agnostic,204800,6250,1:4,real-life,0.4696,0.01,1339
3,LGBM,combined,204800,6250,1:4,real-life,0.736,0.01,1337
3,LGBM,combined,204800,6250,1:4,real-life,0.7296,0.01,1338
3,LGBM,combined,204800,6250,1:4,real-life,0.7192,0.01,1339
3,SVM,parsed,204800,6250,1:4,real-life,0.6512,0.09248,1337
3,SVM,parsed,204800,6250,1:4,real-life,0.7232,0.09936,1338
3,SVM,parsed,204800,6250,1:4,real-life,0.6864,0.09968,1339
3,SVM,format_agnostic,204800,6250,1:4,real-life,0.6208,0.14432,1337
3,SVM,format_agnostic,204800,6250,1:4,real-life,0.6312,0.14528,1338
3,SVM,format_agnostic,204800,6250,1:4,real-life,0.5912,0.1416,1339
3,SVM,combined,204800,6250,1:4,real-life,0.6592,0.09824,1337
3,SVM,combined,204800,6250,1:4,real-life,0.7144,0.09264,1338
3,SVM,combined,204800,6250,1:4,real-life,0.684,0.08048,1339
3,DT,parsed,204800,11250,1:8,real-life,0.7584,0.0582,1337
3,DT,parsed,204800,11250,1:8,real-life,0.7688,0.0694,1338
3,DT,parsed,204800,11250,1:8,real-life,0.7928,0.0585,1339
3,DT,format_agnostic,204800,11250,1:8,real-life,0.688,0.1096,1337
3,DT,format_agnostic,204800,11250,1:8,real-life,0.7648,0.0976,1338
3,DT,format_agnostic,204800,11250,1:8,real-life,0.7368,0.0954,1339
3,DT,combined,204800,11250,1:8,real-life,0.8,0.0647,1337
3,DT,combined,204800,11250,1:8,real-life,0.8112,0.0722,1338
3,DT,combined,204800,11250,1:8,real-life,0.8128,0.0681,1339
3,RF,parsed,204800,11250,1:8,real-life,0.6416,0.0102,1337
3,RF,parsed,204800,11250,1:8,real-life,0.5944,0.0102,1338
3,RF,parsed,204800,11250,1:8,real-life,0.56,0.01,1339
3,RF,format_agnostic,204800,11250,1:8,real-life,0.5664,0.0102,1337
3,RF,format_agnostic,204800,11250,1:8,real-life,0.5928,0.01,1338
3,RF,format_agnostic,204800,11250,1:8,real-life,0.5736,0.0114,1339
3,RF,combined,204800,11250,1:8,real-life,0.7248,0.0102,1337
3,RF,combined,204800,11250,1:8,real-life,0.744,0.0103,1338
3,RF,combined,204800,11250,1:8,real-life,0.728,0.0106,1339
3,LGBM,parsed,204800,11250,1:8,real-life,0.5536,0.01,1337
3,LGBM,parsed,204800,11250,1:8,real-life,0.5712,0.01,1338
3,LGBM,parsed,204800,11250,1:8,real-life,0.5936,0.0114,1339
3,LGBM,format_agnostic,204800,11250,1:8,real-life,0.4752,0.01,1337
3,LGBM,format_agnostic,204800,11250,1:8,real-life,0.5048,0.01,1338
3,LGBM,format_agnostic,204800,11250,1:8,real-life,0.4696,0.01,1339
3,LGBM,combined,204800,11250,1:8,real-life,0.7168,0.01,1337
3,LGBM,combined,204800,11250,1:8,real-life,0.732,0.01,1338
3,LGBM,combined,204800,11250,1:8,real-life,0.7144,0.01,1339
3,SVM,parsed,204800,11250,1:8,real-life,0.6512,0.10506666666666667,1337
3,SVM,parsed,204800,11250,1:8,real-life,0.7232,0.11182222222222223,1338
3,SVM,parsed,204800,11250,1:8,real-life,0.6864,0.1104,1339
3,SVM,format_agnostic,204800,11250,1:8,real-life,0.6208,0.1607111111111111,1337
3,SVM,format_agnostic,204800,11250,1:8,real-life,0.6312,0.1607111111111111,1338
3,SVM,format_agnostic,204800,11250,1:8,real-life,0.5912,0.15484444444444445,1339
3,SVM,combined,204800,11250,1:8,real-life,0.6592,0.11155555555555556,1337
3,SVM,combined,204800,11250,1:8,real-life,0.7144,0.10808888888888889,1338
3,SVM,combined,204800,11250,1:8,real-life,0.684,0.0888,1339
3,DT,parsed,204800,21250,1:16,real-life,0.7584,0.06065,1337
3,DT,parsed,204800,21250,1:16,real-life,0.7688,0.06815,1338
3,DT,parsed,204800,21250,1:16,real-life,0.7928,0.06035,1339
3,DT,format_agnostic,204800,21250,1:16,real-life,0.688,0.1084,1337
3,DT,format_agnostic,204800,21250,1:16,real-life,0.7648,0.09845,1338
3,DT,format_agnostic,204800,21250,1:16,real-life,0.7368,0.0966,1339
3,DT,combined,204800,21250,1:16,real-life,0.8,0.0663,1337
3,DT,combined,204800,21250,1:16,real-life,0.8112,0.07245,1338
3,DT,combined,204800,21250,1:16,real-life,0.8128,0.06765,1339
3,RF,parsed,204800,21250,1:16,real-life,0.6416,0.0105,1337
3,RF,parsed,204800,21250,1:16,real-life,0.6088,0.01105,1338
3,RF,parsed,204800,21250,1:16,real-life,0.58,0.01025,1339
3,RF,format_agnostic,204800,21250,1:16,real-life,0.5664,0.01075,1337
3,RF,format_agnostic,204800,21250,1:16,real-life,0.5928,0.01065,1338
3,RF,format_agnostic,204800,21250,1:16,real-life,0.592,0.01025,1339
3,RF,combined,204800,21250,1:16,real-life,0.7248,0.01105,1337
3,RF,combined,204800,21250,1:16,real-life,0.744,0.0103,1338
3,RF,combined,204800,21250,1:16,real-life,0.728,0.01015,1339
3,LGBM,parsed,204800,21250,1:16,real-life,0.5704,0.01,1337
3,LGBM,parsed,204800,21250,1:16,real-life,0.5656,0.0101,1338
3,LGBM,parsed,204800,21250,1:16,real-life,0.5856,0.01,1339
3,LGBM,format_agnostic,204800,21250,1:16,real-life,0.4792,0.01,1337
3,LGBM,format_agnostic,204800,21250,1:16,real-life,0.52,0.01,1338
3,LGBM,format_agnostic,204800,21250,1:16,real-life,0.4696,0.01,1339
3,LGBM,combined,204800,21250,1:16,real-life,0.7216,0.01,1337
3,LGBM,combined,204800,21250,1:16,real-life,0.7328,0.01005,1338
3,LGBM,combined,204800,21250,1:16,real-life,0.7104,0.01,1339
3,SVM,parsed,204800,21250,1:16,real-life,0.6512,0.1128,1337
3,SVM,parsed,204800,21250,1:16,real-life,0.7232,0.11816470588235294,1338
3,SVM,parsed,204800,21250,1:16,real-life,0.6864,0.11924705882352941,1339
3,SVM,format_agnostic,204800,21250,1:16,real-life,0.6208,0.1688470588235294,1337
3,SVM,format_agnostic,204800,21250,1:16,real-life,0.6312,0.17072941176470588,1338
3,SVM,format_agnostic,204800,21250,1:16,real-life,0.5912,0.1664,1339
3,SVM,combined,204800,21250,1:16,real-life,0.6592,0.1195764705882353,1337
3,SVM,combined,204800,21250,1:16,real-life,0.7144,0.1144,1338
3,SVM,combined,204800,21250,1:16,real-life,0.684,0.0939764705882353,1339
3,DT,parsed,204800,41250,1:32,real-life,0.7584,0.061225,1337
3,DT,parsed,204800,41250,1:32,real-life,0.7688,0.06645,1338
3,DT,parsed,204800,41250,1:32,real-life,0.7928,0.059575,1339
3,DT,format_agnostic,204800,41250,1:32,real-life,0.688,0.10535,1337
3,DT,format_agnostic,204800,41250,1:32,real-life,0.7648,0.099575,1338
3,DT,format_agnostic,204800,41250,1:32,real-life,0.7368,0.09775,1339
3,DT,combined,204800,41250,1:32,real-life,0.8,0.0684,1337
3,DT,combined,204800,41250,1:32,real-life,0.8112,0.07115,1338
3,DT,combined,204800,41250,1:32,real-life,0.8128,0.068725,1339
3,RF,parsed,204800,41250,1:32,real-life,0.6376,0.01015,1337
3,RF,parsed,204800,41250,1:32,real-life,0.6144,0.010225,1338
3,RF,parsed,204800,41250,1:32,real-life,0.5744,0.010275,1339
3,RF,format_agnostic,204800,41250,1:32,real-life,0.5664,0.01045,1337
3,RF,format_agnostic,204800,41250,1:32,real-life,0.5928,0.010325,1338
3,RF,format_agnostic,204800,41250,1:32,real-life,0.592,0.010575,1339
3,RF,combined,204800,41250,1:32,real-life,0.7248,0.010525,1337
3,RF,combined,204800,41250,1:32,real-life,0.7512,0.010725,1338
3,RF,combined,204800,41250,1:32,real-life,0.728,0.010375,1339
3,LGBM,parsed,204800,41250,1:32,real-life,0.572,0.01,1337
3,LGBM,parsed,204800,41250,1:32,real-life,0.5736,0.01,1338
3,LGBM,parsed,204800,41250,1:32,real-life,0.552,0.01,1339
3,LGBM,format_agnostic,204800,41250,1:32,real-life,0.4792,0.01,1337
3,LGBM,format_agnostic,204800,41250,1:32,real-life,0.52,0.01,1338
3,LGBM,format_agnostic,204800,41250,1:32,real-life,0.4696,0.01,1339
3,LGBM,combined,204800,41250,1:32,real-life,0.7208,0.01,1337
3,LGBM,combined,204800,41250,1:32,real-life,0.7376,0.01,1338
3,LGBM,combined,204800,41250,1:32,real-life,0.7104,0.01,1339
3,SVM,parsed,204800,41250,1:32,real-life,0.6512,0.11612121212121213,1337
3,SVM,parsed,204800,41250,1:32,real-life,0.7232,0.12186666666666666,1338
3,SVM,parsed,204800,41250,1:32,real-life,0.6864,0.1256969696969697,1339
3,SVM,format_agnostic,204800,41250,1:32,real-life,0.6208,0.17364848484848486,1337
3,SVM,format_agnostic,204800,41250,1:32,real-life,0.6312,0.17466666666666666,1338
3,SVM,format_agnostic,204800,41250,1:32,real-life,0.5912,0.17233939393939393,1339
3,SVM,combined,204800,41250,1:32,real-life,0.6592,0.12322424242424243,1337
3,SVM,combined,204800,41250,1:32,real-life,0.7144,0.11801212121212121,1338
3,SVM,combined,204800,41250,1:32,real-life,0.684,0.09665454545454545,1339
3,DT,parsed,204800,81250,1:64,real-life,0.7584,0.0605875,1337
3,DT,parsed,204800,81250,1:64,real-life,0.7688,0.0645875,1338
3,DT,parsed,204800,81250,1:64,real-life,0.7928,0.061575,1339
3,DT,format_agnostic,204800,81250,1:64,real-life,0.688,0.10415,1337
3,DT,format_agnostic,204800,81250,1:64,real-life,0.7648,0.0997125,1338
3,DT,format_agnostic,204800,81250,1:64,real-life,0.7368,0.098825,1339
3,DT,combined,204800,81250,1:64,real-life,0.8,0.0688375,1337
3,DT,combined,204800,81250,1:64,real-life,0.8112,0.071,1338
3,DT,combined,204800,81250,1:64,real-life,0.8128,0.068825,1339
3,RF,parsed,204800,81250,1:64,real-life,0.6256,0.0104625,1337
3,RF,parsed,204800,81250,1:64,real-life,0.6088,0.0101875,1338
3,RF,parsed,204800,81250,1:64,real-life,0.56,0.010075,1339
3,RF,format_agnostic,204800,81250,1:64,real-life,0.5664,0.010225,1337
3,RF,format_agnostic,204800,81250,1:64,real-life,0.5928,0.0105,1338
3,RF,format_agnostic,204800,81250,1:64,real-life,0.592,0.0100875,1339
3,RF,combined,204800,81250,1:64,real-life,0.7248,0.010125,1337
3,RF,combined,204800,81250,1:64,real-life,0.744,0.010325,1338
3,RF,combined,204800,81250,1:64,real-life,0.728,0.0103,1339
3,LGBM,parsed,204800,81250,1:64,real-life,0.5704,0.01,1337
3,LGBM,parsed,204800,81250,1:64,real-life,0.5696,0.01,1338
3,LGBM,parsed,204800,81250,1:64,real-life,0.548,0.01,1339
3,LGBM,format_agnostic,204800,81250,1:64,real-life,0.4816,0.01,1337
3,LGBM,format_agnostic,204800,81250,1:64,real-life,0.5056,0.01,1338
3,LGBM,format_agnostic,204800,81250,1:64,real-life,0.4696,0.01,1339
3,LGBM,combined,204800,81250,1:64,real-life,0.716,0.01,1337
3,LGBM,combined,204800,81250,1:64,real-life,0.7376,0.01,1338
3,LGBM,combined,204800,81250,1:64,real-life,0.7104,0.01,1339
3,SVM,parsed,204800,81250,1:64,real-life,0.6512,0.11828923076923077,1337
3,SVM,parsed,204800,81250,1:64,real-life,0.7232,0.12413538461538462,1338
3,SVM,parsed,204800,81250,1:64,real-life,0.6864,0.12866461538461538,1339
3,SVM,format_agnostic,204800,81250,1:64,real-life,0.6208,0.176,1337
3,SVM,format_agnostic,204800,81250,1:64,real-life,0.6312,0.17707076923076923,1338
3,SVM,format_agnostic,204800,81250,1:64,real-life,0.5912,0.17420307692307693,1339
3,SVM,combined,204800,81250,1:64,real-life,0.6592,0.12660923076923078,1337
3,SVM,combined,204800,81250,1:64,real-life,0.7144,0.1198276923076923,1338
3,SVM,combined,204800,81250,1:64,real-life,0.684,0.09986461538461539,1339
3,DT,parsed,204800,161250,1:128,real-life,0.7584,0.059875,1337
3,DT,parsed,204800,161250,1:128,real-life,0.7688,0.06518125,1338
3,DT,parsed,204800,161250,1:128,real-life,0.7928,0.0625125,1339
3,DT,format_agnostic,204800,161250,1:128,real-life,0.688,0.10429375,1337
3,DT,format_agnostic,204800,161250,1:128,real-life,0.7648,0.0996125,1338
3,DT,format_agnostic,204800,161250,1:128,real-life,0.7368,0.0988625,1339
3,DT,combined,204800,161250,1:128,real-life,0.8,0.06893125,1337
3,DT,combined,204800,161250,1:128,real-life,0.8112,0.070575,1338
3,DT,combined,204800,161250,1:128,real-life,0.8128,0.0687375,1339
3,RF,parsed,204800,161250,1:128,real-life,0.6256,0.0106125,1337
3,RF,parsed,204800,161250,1:128,real-life,0.6144,0.010475,1338
3,RF,parsed,204800,161250,1:128,real-life,0.56,0.01011875,1339
3,RF,format_agnostic,204800,161250,1:128,real-life,0.5664,0.01046875,1337
3,RF,format_agnostic,204800,161250,1:128,real-life,0.5928,0.010825,1338
3,RF,format_agnostic,204800,161250,1:128,real-life,0.592,0.01001875,1339
3,RF,combined,204800,161250,1:128,real-life,0.7248,0.01026875,1337
3,RF,combined,204800,161250,1:128,real-life,0.744,0.010625,1338
3,RF,combined,204800,161250,1:128,real-life,0.728,0.01026875,1339
3,LGBM,parsed,204800,161250,1:128,real-life,0.572,0.01,1337
3,LGBM,parsed,204800,161250,1:128,real-life,0.5736,0.01,1338
3,LGBM,parsed,204800,161250,1:128,real-life,0.5512,0.01,1339
3,LGBM,format_agnostic,204800,161250,1:128,real-life,0.4792,0.01,1337
3,LGBM,format_agnostic,204800,161250,1:128,real-life,0.5056,0.01,1338
3,LGBM,format_agnostic,204800,161250,1:128,real-life,0.4696,0.01,1339
3,LGBM,combined,204800,161250,1:128,real-life,0.6968,0.01,1337
3,LGBM,combined,204800,161250,1:128,real-life,0.7336,0.01,1338
3,LGBM,combined,204800,161250,1:128,real-life,0.7104,0.01,1339
3,SVM,parsed,204800,161250,1:128,real-life,0.6512,0.11968372093023256,1337
3,SVM,parsed,204800,161250,1:128,real-life,0.7232,0.12488682170542635,1338
3,SVM,parsed,204800,161250,1:128,real-life,0.6864,0.13051782945736434,1339
3,SVM,format_agnostic,204800,161250,1:128,real-life,0.6208,0.17698604651162791,1337
3,SVM,format_agnostic,204800,161250,1:128,real-life,0.6312,0.17726511627906977,1338
3,SVM,format_agnostic,204800,161250,1:128,real-life,0.5912,0.17444341085271317,1339
3,SVM,combined,204800,161250,1:128,real-life,0.6592,0.12833488372093024,1337
3,SVM,combined,204800,161250,1:128,real-life,0.7144,0.12022325581395349,1338
3,SVM,combined,204800,161250,1:128,real-life,0.684,0.09998139534883721,1339
